ELN_ID,n,mean,std,skewness,kurtosis,shapiro_p,is_normal
ELN031853-003,336,34.80339285714285,31.519204405641425,0.43812358262512663,-1.0499217894373105,1.2426985935207304e-14,False
ELN032036-001,56,1.1048214285714286,8.267726518560849,7.281358514603014,51.018181818181795,1.2428204185852518e-16,False
ELN032036-004,216,52.731064814814815,30.36331144846869,-0.5886227811445387,-1.131948215684047,1.5991055009579483e-12,False
ELN032036-005,96,20.375,34.679710737578326,1.383502569992118,0.14800586472281152,1.675165262343259e-14,False
ELN032036-007,100,17.3491,26.840682678660873,1.849946991264345,2.330163586176658,1.7287498570175913e-13,False
ELN032036-009,32,24.87125,18.694214863289623,0.1192300928345227,-0.8342890329979618,0.021612235834743396,False
ELN032036-010,96,53.58416666666667,29.439081209442328,-0.23292474833359486,-1.3604908227820134,1.1758145184379011e-05,False
ELN032036-011,96,68.99614583333333,15.666397924743375,-0.4586976820813093,-0.17870171027404158,0.1006803134289884,True
ELN032036-012,96,47.29135416666667,25.872178417011327,0.11174957173827053,-1.0185455061760738,0.0065762902860883425,False
ELN032036-014,72,23.268333333333334,20.080844561667696,0.5565908489518595,-0.8760422806661508,5.845575962101096e-05,False
ELN032036-015,96,5.055416666666667,11.768868560442948,3.0478132021290074,10.13337057938523,1.9907337279128806e-16,False
ELN032036-016,192,43.94338541666667,28.621574945367595,-0.17415558113093013,-1.25483637306434,3.735539542266784e-08,False
ELN032036-017,24,29.83791666666667,33.9601024194654,0.8365908698906144,-0.8483483816114834,0.00021966384397825538,False
ELN032036-018,112,4.797499999999999,12.200462810598326,4.352647990892708,19.45529095958381,3.1549728271823255e-19,False
ELN032036-019,96,23.687916666666666,25.492553419078313,1.0182802146021168,-0.2636576168895002,2.9929426436133077e-09,False
ELN032036-020,96,14.8178125,21.453727989283305,1.8480862274880114,2.4254254181664994,1.0399027199871589e-12,False
ELN032036-022,96,9.828020833333332,21.280688385175182,2.307920825738263,3.933055747787015,3.5049134428799525e-16,False
ELN032036-023,96,17.328020833333337,24.30568041121649,1.4241763873478461,0.7260071432032076,4.8353165119475646e-12,False
ELN032036-030,288,31.863749999999996,14.221886204457675,-0.11360749775243907,-0.24899211843490798,0.003106398618088139,False
ELN032036-032,86,6.84593023255814,13.718027330136405,2.3991788857019043,4.75326728734137,7.022626267405823e-15,False
ELN032036-034,96,1.9465625,4.963935371758985,4.739926484942927,28.108210059412777,2.0077195964096412e-17,False
ELN032036-036,240,5.089083333333334,6.4665563185239145,1.3848260727324548,1.2792047892243978,3.582547381029334e-17,False
ELN032036-038,96,30.807395833333334,22.533219324963977,1.0136513347412017,0.4075145246070382,2.6793640970782754e-06,False
ELN032036-039,30,37.225666666666676,8.288921431992653,-0.4152837716260195,0.14258652113709713,0.4203948209585072,True
ELN032036-041,88,2.5248863636363637,6.343773305931832,3.358513737370147,10.947128381854673,1.6490797083379647e-16,False
ELN032036-045,24,1.435833333333333,3.144673780920017,2.5236965947513808,5.334742919304476,1.1690946078131623e-07,False
ELN032036-047,29,22.603448275862068,18.55148497634586,0.9139118366805763,0.4647181632585853,0.047870794926657606,False
ELN032036-050,96,2.8959375,6.111924423982488,2.793782566441984,9.117850314370221,1.1780902293646879e-15,False
ELN032036-051,312,37.593878205128206,33.128194926060694,0.630512356907426,-1.0667733239095873,4.179450068003577e-16,False
ELN032036-053,216,36.831296296296294,37.064426148986314,0.41694954192518524,-1.4248903190714082,9.762935693326694e-15,False
ELN032036-054,24,29.875,18.690780568528155,-0.026384694223211654,-0.8622687193820799,0.1934652662407492,True
ELN032036-055,24,11.40625,21.32894966991434,2.2999780146447257,4.3873283868221495,6.599199415095035e-07,False
ELN032036-056,48,42.186249999999994,23.18742979573016,0.2087277101470525,-1.3906490155282498,0.001373628665785758,False
ELN032036-058,24,6.379166666666666,10.256945861502686,2.0531111368476362,4.049926443942899,6.358583567403723e-06,False
ELN032036-061,96,53.62833333333333,34.11147470671221,-0.4575359974598453,-1.4613395884596265,1.6029466152705229e-09,False
ELN032036-065,40,37.13725,31.159054492377884,0.02288418515979345,-1.64914683755811,9.072529386066015e-05,False
ELN032036-067,96,24.466979166666665,29.87363555553332,0.7689106396551058,-0.9515908893760057,1.0414643599756965e-10,False
ELN032036-068,264,24.736628787878786,24.374037619657752,0.7868122694479064,-0.5487171313325789,1.2177542225178826e-13,False
ELN032036-069,24,2.3333333333333335,7.938449452515582,3.060163449977334,7.470442053411988,1.5729471116917274e-09,False
ELN032036-070,120,35.939499999999995,27.319164506399733,0.6231169502897849,-0.9011860185271692,3.735602238189712e-07,False
ELN032036-072,96,43.83604166666667,27.26611274396603,-0.325528169472559,-1.009017989814916,3.205220491490764e-05,False
ELN032036-074,192,7.67625,11.569081945775249,1.515700657374264,1.4093836080327993,6.982596404787041e-18,False
ELN032036-075,48,19.471666666666664,18.230246941445944,0.6275686259737521,-0.6013904982872043,0.00026486688015788364,False
ELN032036-076,24,58.64083333333334,23.856332295214834,-1.8560213604268763,2.0605341386607865,4.329364836943658e-06,False
ELN032036-077,48,45.067291666666655,28.104506319940736,-0.3014085936569148,-1.0178423605541214,0.003992235864225176,False
ELN032036-079,96,15.008541666666668,14.14584216236192,1.2497526164023527,0.766855192444579,2.749762523305104e-08,False
ELN032036-080,24,39.610416666666666,18.81991278433949,-0.5183872580688816,-0.9768543611610325,0.030434792659318102,False
ELN032036-082,96,10.591458333333334,9.185164007837704,1.3910078795597267,1.448973975549193,2.810004942555861e-08,False
ELN032036-083,96,1.9886458333333332,4.990977885364048,4.734213836994698,29.097186991619424,2.6039124845963748e-17,False
ELN032036-085,96,31.149895833333336,19.749976122292917,0.32534697470490365,-0.8226325951805626,0.010661350481015994,False
ELN032036-086,246,33.9879674796748,24.170512747234888,0.2682642428166724,-1.2336673202875703,3.793099963008064e-09,False
ELN032036-087,104,11.156634615384615,15.999393957610675,1.7722527222412692,2.469758946910134,1.3166100587177062e-12,False
ELN032036-088,24,13.743333333333332,14.956231700086311,1.2372148779662342,0.732212143551076,0.0013381750241269101,False
ELN032036-090,24,34.54749999999999,20.771985576314286,0.22340438314053432,-0.842871783432185,0.34977897368825456,True
ELN032036-092,120,13.257083333333332,22.0227969890268,1.7412772168952817,1.5205060009382967,8.418008118120439e-16,False
ELN032036-093,120,21.49075,24.676437104498472,0.840526830093182,-0.7735948455916173,3.604232590601761e-11,False
ELN032036-094,96,2.4754166666666664,4.447354960012848,5.104032030840408,35.07537772133085,5.172086080903935e-16,False
ELN032036-095,24,7.830000000000001,9.233090772725637,0.5983896218650174,-1.281495642744779,0.00013862486890427132,False
ELN032036-096,24,16.88375,16.13508109207469,0.2460482877462485,-1.1790974609106784,0.002112274524678308,False
ELN032036-097,432,57.109768518518514,30.10310235905973,-0.6328385313855944,-1.0239859772543838,1.3629641052072055e-17,False
ELN032036-098,816,43.53491421568627,24.937165792929296,-0.21780854376455167,-1.0045274808710338,2.602147706089634e-14,False
ELN032036-099,96,67.99104166666667,23.28826890039689,-0.9421740415349905,0.16999004766693648,5.86198263150469e-06,False
ELN032036-100,96,90.62729166666668,5.455955988240194,-0.6103835877357648,2.343518295204426,0.00012900254844525118,False
ELN032036-103,96,43.846979166666664,20.972607704727697,0.2890347926938948,-1.2269658635673395,1.9676107318178554e-05,False
ELN032036-104,96,77.51187499999999,29.212466528143338,-1.4567927943031311,0.5995677061261628,1.7958540370586478e-12,False
ELN032036-105,96,2.7310416666666666,6.866692221252056,4.473038573130561,24.30943572070937,2.489186847639739e-17,False
ELN032036-106,228,75.92469298245614,22.73723491208144,-1.7000062551263533,2.3895626029733235,2.4627527618914597e-17,False
ELN032036-107,120,9.66075,10.283148666220704,1.5718509827973315,2.980270118139841,3.9300208166029976e-10,False
ELN032036-108,126,10.445714285714285,7.796006303596366,0.9717095733271703,0.7961051985497165,3.7918744675792947e-07,False
ELN032036-109,144,4.404097222222223,6.161311209689831,2.9548898780827098,10.97952656559891,2.404753431363953e-16,False
ELN032036-110,96,3.8081250000000004,10.300121748130739,3.000345096730692,8.396882121602763,1.3578418245378994e-17,False
ELN032036-111,96,31.963229166666668,13.54080830167532,-0.7944709757648969,-0.1435675334283033,4.239353941823339e-05,False
ELN032036-113,96,48.246249999999996,28.37663728640535,-0.6577185948329448,-1.0987526583254343,1.452511384218184e-08,False
ELN032036-115,120,26.380666666666666,25.233786798466774,0.845639661760135,-0.4618373609659385,7.98311049845411e-09,False
ELN032036-117,192,9.270208333333334,14.431731471129835,2.273169976635081,5.48196232929277,5.360749743637462e-19,False
ELN032036-119,24,27.75791666666667,21.18675775494369,0.7562575626887026,-0.5342547151438928,0.03634745022934043,False
ELN032036-120,96,32.20354166666667,23.505017246230942,0.826244953525284,-0.3005674921344874,5.659416775988733e-06,False
ELN032036-121,24,80.82625,15.144260446007978,-2.6974028067473887,6.870108891080541,1.0642983438372427e-06,False
ELN032036-122,124,44.85508064516129,25.94450602105136,-0.29696242019555535,-0.8997433053230783,0.00010410346034958101,False
ELN032036-123,96,14.557291666666666,17.74656891844711,1.61868459749211,1.963332358144804,1.023710512823631e-10,False
ELN032036-124,120,14.542,18.904516360476652,1.734571189782736,3.176064694484615,2.2100704543587276e-12,False
ELN032036-127,120,23.918000000000003,26.587092641468917,0.5980102352431493,-1.0362416062822677,7.427485550850013e-11,False
ELN032036-128,24,1.5141666666666669,4.642341909618151,4.015561584600663,15.500135099649071,3.624175879260967e-09,False
ELN032036-129,24,15.115833333333333,13.045888546627037,0.9073370735282505,1.0053690183217405,0.006867315586407009,False
ELN032036-131,96,1.0673958333333333,2.544639875168635,3.010456913330971,10.154338289059893,1.3745410004284071e-16,False
ELN032036-133,96,2.654479166666667,6.06571432332524,2.761441313164837,6.188085103743354,4.0724693689236e-17,False
ELN032036-135,120,4.579833333333332,4.565100343744854,1.1005582303430637,0.6998755885608459,1.4716796279926022e-08,False
ELN032036-136,96,0.6079166666666667,1.8414753333967773,4.70403389571418,27.17278935184799,2.6533422085328834e-18,False
ELN032036-137,24,2.767916666666667,5.078773370536961,1.9450046112769892,2.808141819287772,1.2489536322035674e-06,False
ELN032036-139,120,19.1905,19.942672791459696,0.9588375080235233,-0.25263880655348947,2.576062072005607e-10,False
ELN032036-140,336,63.68830357142857,27.92709331979689,-0.45448047970967476,-1.1167347193163093,4.2594655674776366e-13,False
ELN032036-144,48,15.061041666666668,14.134846519360813,0.4836294264574961,-1.0989122846062056,0.00022193028690623386,False
ELN032036-148,192,49.732708333333335,28.491485822158797,-0.2828824589817151,-1.1534775212534853,2.7426429766837416e-07,False
ELN032036-149,28,52.916428571428575,35.59468709983907,-0.20945456687191463,-1.6405064409342238,0.0006390975138868062,False
ELN032036-150,96,19.533437499999998,29.074643350416995,1.2728386015315882,-0.030069859856470593,4.794927331741897e-13,False
ELN032036-152,96,7.178958333333334,14.005891503158436,3.300156446107869,12.25159623266233,1.7138939090317135e-15,False
ELN032036-154,24,9.35375,16.64741076942859,2.9030122519926667,8.891538103551754,7.000890028662753e-07,False
ELN032036-155,96,20.796875,15.955837955695747,-0.04736091149559242,-1.2916837209958896,1.0203944397184176e-06,False
ELN032036-156,24,51.16916666666666,9.184168759180194,0.8295970282862849,-0.41662794321447105,0.013598364069710791,False
ELN032036-157,120,35.777,37.91157570501357,0.5005480851522216,-1.485422263088126,8.0969434521109e-12,False
ELN032036-158,24,42.50833333333333,16.105658110999556,-0.16519212019984947,-0.7960785102657377,0.36708768056469243,True
ELN032036-159,36,14.95722222222222,8.113552546242301,0.2955313673587868,-0.9572733378073717,0.20856758489264185,True
ELN032036-160,96,8.220833333333333,17.2794088389783,2.5558933518914424,5.806770610679527,9.270311022636218e-16,False
ELN032036-162,264,47.70659090909091,32.409779102761604,0.038684292352843784,-1.4841682339528264,2.153833281411809e-11,False
ELN032036-163,24,6.673333333333333,13.818527785004,2.2156001099600067,3.8978285728457376,2.6919015658149455e-07,False
ELN032036-164,96,12.891145833333333,9.458526520362646,0.10098872058766896,-1.2800246429206064,3.0436351888157852e-05,False
ELN032036-167,24,33.838750000000005,25.67871209565044,0.8052963430655874,-0.507718771401366,0.016262386604320993,False
ELN032036-168,120,4.233583333333334,9.69128888895237,2.907232408575171,8.168949601444888,2.5928337595058724e-18,False
ELN032036-169,32,24.9771875,28.081999886780306,1.0139595659418765,-0.18198404963691184,0.00011291964830884994,False
ELN032036-171,192,37.057916666666664,21.985984679758353,0.3858809602493208,-0.8875407925258347,9.99325358249055e-06,False
ELN032036-173,24,39.958333333333336,20.034531204390838,0.08429296789151114,-1.1725563797210707,0.30394088642036216,True
ELN032036-174,108,31.953240740740743,13.636091735195285,0.6936311276586268,0.6975246578162637,0.0001086162310539174,False
ELN032036-176,96,43.901145833333324,26.235434209231794,0.09261690004496183,-1.1451201899468613,0.0015280277247494924,False
ELN032036-178,96,2.0710416666666664,3.0627268480251444,2.132221587243022,5.686702379304931,2.6197095675709052e-12,False
ELN032036-179,96,50.48614583333333,25.291372665492567,0.5344772111457414,-1.048612771571451,2.921580078740519e-06,False
ELN032036-180,24,54.6575,28.47344090475406,-0.40406027003357764,-1.4067813578566635,0.006917031031587868,False
ELN032036-181,216,17.967685185185186,24.887089418672257,1.3719733870361674,1.0049238883631846,1.1089867777331684e-17,False
ELN032036-182,24,22.96541666666667,32.70465144143562,1.0536699394248341,-0.6015404046728263,1.0810151278470148e-05,False
ELN032036-185,192,60.69619791666668,27.67110791452284,-0.4143994739138057,-1.08031449824845,5.107188978635452e-08,False
ELN032036-186,28,40.98071428571428,25.87375517543418,0.08957593272339788,-1.0739502345296268,0.14517093452262114,True
ELN032036-188,24,9.079583333333334,24.634317964132293,2.3031333339765965,3.376207722294015,7.629300632863767e-09,False
ELN032036-190,96,1.3348958333333334,5.148570776600693,6.159647877712851,43.99216880495631,1.633217108324516e-19,False
ELN032036-191,192,26.651718749999997,38.206905445639045,1.0056493395429145,-0.6779073180584381,1.3396818834102767e-18,False
ELN032036-192,24,25.1725,29.069496974454616,0.8337963634344293,-0.712099571222804,0.0006159898829451597,False
ELN032036-194,120,46.92316666666666,26.70320548483395,0.05745886679908006,-1.023995065532174,0.003860426762085826,False
ELN032036-195,192,9.201145833333333,17.11424542847131,2.493306260775633,6.49643409484724,6.304544826000626e-21,False
ELN032036-196,24,36.732499999999995,20.899327272301917,-0.4419614756579281,-1.0202680459177842,0.07788846896723711,True
ELN032036-197,192,17.65161458333333,19.595894350346537,1.914187341899008,4.120034468133158,1.6365431343008783e-15,False
ELN032036-198,96,12.319270833333334,23.596980192379732,2.4101266196744553,5.248144621677138,5.823696035680714e-15,False
ELN032036-199,24,7.685416666666668,19.202900817815014,3.005530567424225,7.968100211240991,2.5200480135336772e-08,False
ELN032036-200,24,18.694166666666664,17.51614756053165,0.9195900805421392,0.17745210061566885,0.01074786198391895,False
ELN032036-201,24,31.054166666666664,31.935523483182916,0.34974636814700794,-1.5217070952960057,0.0007028577892175836,False
ELN032036-202,24,2.255,5.678037781089367,2.516518693001071,4.975757319412039,2.6650100891847924e-08,False
ELN032036-203,96,0.26281249999999995,1.2512298817984098,6.414937812314497,45.73925262564852,3.0791323517206327e-20,False
ELN032036-205,216,40.74277777777778,33.32085300935913,0.06507175568986229,-1.5782760276732648,2.6637643241220508e-12,False
ELN032036-206,24,4.546666666666667,7.763314322849638,1.5123654844191652,0.6546783226149069,1.7616752624537581e-06,False
ELN032036-207,24,46.28041666666667,43.84491914237554,0.06306537817171118,-1.8664134853138672,5.426920473515455e-05,False
ELN032036-212,24,35.1425,40.565370672854534,0.35808227317049723,-1.7094093560138952,2.4205794677267285e-05,False
ELN032036-213,120,8.542916666666665,12.882065012434685,1.9786133413140858,3.7682663295755683,4.1115700265482445e-14,False
ELN032036-214,96,31.243645833333332,20.19827075035941,0.21707497753869343,-0.2714208565662335,0.004479458698365852,False
ELN032036-217,24,20.769166666666667,20.462124696654776,0.6203955767892674,-0.9431600371498288,0.006572408617461315,False
ELN032036-218,120,11.719249999999999,23.60981825258653,2.002207075945628,2.7254993167965607,2.879229270769938e-17,False
ELN032036-219,288,18.628854166666667,25.08562706894275,1.3394749485606086,0.5720836606086959,1.9897569548436546e-20,False
ELN032036-220,24,3.84625,9.735564034262081,3.5429621249383128,12.459289981149256,2.0803597814422317e-08,False
ELN032036-221,96,4.305312499999999,14.161963211595312,3.2548693393966706,8.977232630006565,7.015450234304761e-19,False
ELN032036-222,96,62.472812499999996,23.41321006805324,-0.6829726215620832,-0.5353255327782818,1.3933448866943748e-05,False
ELN032036-223,24,39.281666666666666,31.69821564950177,0.5530642814121932,-1.2175453249324333,0.003141149929621823,False
ELN032036-225,120,5.022166666666667,10.372517597793056,2.953966396942138,8.978714414460848,1.2817782498442312e-17,False
ELN032036-226,192,7.455208333333334,6.903858163953908,1.1763247335741667,1.054399259013799,5.761742629534148e-11,False
ELN032036-227,336,14.34235119047619,20.463943160575923,1.7252750933025505,2.247893352496628,6.795370922092821e-23,False
ELN032036-228,24,27.499166666666667,31.390233169025635,0.49823414000765814,-1.4192484573685649,0.0002106121512029805,False
ELN032036-231,192,20.50526041666667,15.934868938882659,0.424120888083944,-0.7934355324367384,4.5631677335406416e-07,False
ELN032036-232,48,22.549374999999998,23.588700631306597,0.9878563982109803,-0.20618189677509058,2.371707407610079e-05,False
ELN032036-233,320,7.39684375,16.25177051480212,3.014758389715868,8.963376582272621,9.706923534693304e-29,False
ELN032036-234,192,13.793229166666668,22.915205450241743,1.5097716869330555,1.01149516024,1.6169706999007094e-19,False
ELN032036-236,96,2.7071875,4.931540744213933,2.8075080971227746,8.438939681268497,1.0398405520502055e-14,False
ELN032036-237,432,23.086851851851854,20.284691661946173,0.7079600000273502,0.31769212226819477,1.6855928408322969e-15,False
ELN032036-239,24,48.53958333333333,31.182080762649655,-0.1807197649082111,-1.4210130296405956,0.038691889172091945,False
ELN032036-240,240,24.49120833333333,20.926635401925427,0.32102817137044276,-1.2191170754530727,4.305088504003842e-11,False
ELN032036-241,312,9.991378205128205,12.131949542516244,1.4665408678298277,1.5628899673891468,3.268014286922008e-19,False
ELN032036-243,24,68.47291666666666,26.188039500167225,-1.079767868336596,-0.16935844961729574,0.0007478677091815204,False
ELN032036-244,384,10.021588541666668,13.199954795692594,1.257600837199258,0.49211094489744056,1.332275959326505e-22,False
ELN032036-245,192,10.908802083333333,11.920382040084382,0.9627101197406606,0.0726246731021658,1.061903712498707e-12,False
ELN032036-246,24,27.39833333333333,16.084759642395134,0.10184969072868799,-0.830002272208306,0.45321317701811226,True
ELN032036-247,28,26.994642857142853,16.483311309308476,-0.2375133044303726,-1.1700199819693844,0.06525396710032873,True
ELN032036-248,120,79.13766666666668,26.10971871385302,-1.7198103938801268,1.4168707898020632,6.579543335408724e-16,False
ELN032036-250,288,7.417187499999999,14.705903318419928,2.814430426923835,9.69014339790182,6.709983031629048e-26,False
ELN032036-252,24,20.575,26.1167019690299,0.9961027260281564,-0.6246828781656997,7.205486022789215e-05,False
ELN032036-254,96,29.316041666666667,32.1981400077107,0.6634504220909307,-1.0092114798614764,2.88915405385768e-09,False
ELN032036-255,48,6.568541666666666,4.82649954190552,0.6341129328121982,0.9573539179962252,0.012088448203925234,False
ELN032036-257,240,25.369125,24.935134688005917,0.8192635207798861,-0.39798893132556223,9.430710421228066e-13,False
ELN032036-258,192,14.076822916666666,12.428707809398743,0.9788506953900529,1.7601640821075044,5.578720057669922e-10,False
ELN032036-259,192,4.80171875,9.10789368607935,3.095054499624741,11.934823343021911,3.741104113058413e-21,False
ELN032036-261,24,19.687500000000004,19.400007900043214,0.05174216673199747,-1.8999525599400633,4.623731436827352e-05,False
ELN032036-264,312,17.47378205128205,22.451301821848862,1.5667482193016844,1.8653007645288326,3.0316329190228895e-20,False
ELN032036-265,216,7.960324074074074,6.300120514651975,0.6241668117406883,-0.6958355629114483,2.9017151381451257e-09,False
ELN032036-266,24,26.525000000000002,20.175916982555133,-0.14893688125937438,-1.4544087042228826,0.006330375698867527,False
ELN032036-267,48,51.066250000000004,15.767788822840764,0.23359140864620356,0.31307741523033084,0.034570339999678956,False
ELN032036-269,48,19.422708333333333,27.1027961766673,1.7244737232729288,1.785286489299832,1.6431534318454343e-08,False
ELN032036-270,24,20.236666666666665,17.573056863739783,0.7991544650557766,-0.2618764741962387,0.033992081928301755,False
ELN032036-271,24,52.64041666666666,23.934265318588324,-0.24635191042491045,-1.0442226219840778,0.4252951575206865,True
ELN032036-272,24,20.5675,13.984539988703675,0.4685232419095933,-0.62891484919118,0.3871725712259619,True
ELN032036-273,96,11.848958333333334,26.939313064315378,2.377719910157349,4.407855299493845,1.7768779031010584e-16,False
ELN032036-274,96,1.9876041666666666,10.05543620920824,5.169250016922166,25.95056302327825,1.7375784444975048e-20,False
ELN032036-276,48,5.7562500000000005,5.014021456895929,0.6773568295606294,-0.23864306210576336,0.0023245887603167157,False
ELN032036-278,96,1.5040625,2.7766089041452973,2.501196405007825,7.84379123660516,1.759075882459439e-14,False
ELN032036-280,120,10.7515,14.030168674153924,1.6199053079044756,2.0373240736591383,1.600157415321798e-12,False
ELN032036-282,96,2.2929166666666663,8.279386312964158,5.129123910473924,29.78014907596134,3.833744743940418e-19,False
ELN032036-283,96,0.4259375,3.347834359898319,9.485717750085438,88.87848351160754,1.649217718653913e-21,False
ELN032036-285,48,18.77625,23.377665430009188,0.8576769947898774,-0.8276244954562721,3.763359698091828e-07,False
ELN032036-286,72,28.307222222222222,22.759756132646224,0.006712701504960493,-1.2572982130133101,8.962174185188017e-06,False
ELN032036-287,312,37.434230769230766,28.227982024602838,0.11348755330616597,-1.4210837216048648,1.1058372876504474e-12,False
ELN032036-288,120,14.301833333333333,19.54251181499491,1.565407095639707,1.505286053589466,2.270446264135954e-13,False
ELN032036-289,288,16.075416666666666,17.224901788911037,0.7702383634750781,-0.39854433742536877,7.898947489479931e-16,False
ELN032036-291,24,6.5183333333333335,6.896246406035215,1.4506359447480552,1.5243229282584618,0.0005953904783684922,False
ELN032036-292,54,18.43277777777778,21.901733748609235,1.148160696751496,0.06785247602678979,4.850587425196298e-07,False
ELN032036-294,480,18.06714583333333,16.425275280406822,0.9799069697368256,0.5285913577395154,8.141345291005803e-17,False
ELN032036-298,288,9.345833333333335,17.249551344970904,2.9670320455002592,8.864549876735413,5.582893473574781e-26,False
ELN032036-300,216,55.14310185185185,32.72340058960434,-0.3131767848149736,-1.363995344111829,1.149079896235144e-10,False
ELN032036-301,384,17.14109375,30.66708321729444,1.564151229243458,0.820753304395522,1.1679599271067537e-28,False
ELN032036-302,240,29.729124999999996,33.26818116925946,0.9918499785920367,-0.31487742244717376,1.0173789538572312e-16,False
ELN032036-303,96,43.580625,30.468645309131883,0.07363299361122408,-1.3629020810798864,6.237575805755675e-05,False
ELN032036-304,528,17.768939393939394,19.35986100745093,1.2489561864197085,1.2409494633687235,5.415543784757627e-22,False
ELN032036-305,24,4.91,2.57633207419419,0.3814639168028998,0.32073067024479274,0.5234225960950214,True
ELN032036-308,192,33.915729166666665,29.68469622619454,0.772855377528556,-0.6337880350692133,8.919024548201395e-11,False
ELN032036-310,96,10.170729166666668,23.26826694945587,2.716876621202362,6.198173752640198,1.2725858937978807e-16,False
ELN032036-311,24,3.7258333333333336,5.324799172915731,2.0143524805583595,3.2736619777708684,9.164814183965216e-06,False
ELN032036-313,96,1.1144791666666667,4.215483457269021,5.099006140020598,29.359679612356523,2.4177280453417023e-19,False
ELN032036-314,192,20.620729166666667,27.259300204390275,1.0485652115312836,-0.20785926546545141,3.1232635710567427e-16,False
ELN032036-315,120,2.99525,8.40643080793338,4.038915839247597,17.266242305152428,6.262508445481637e-20,False
ELN032036-316,72,58.416805555555555,29.63805470733358,-0.6828483832491593,-0.7316420013636775,4.3748098620066745e-05,False
ELN032036-317,48,19.38416666666667,17.567991061276132,0.4919607617623167,-0.6320221665539218,0.0007991869404311275,False
ELN032036-318,192,11.470677083333333,19.499799329344587,2.087663473142078,3.4244064047616876,6.200411412831994e-20,False
ELN032036-320,48,57.820625,30.002785147754874,-1.0449971960188726,-0.37886720326865886,6.340006535787484e-07,False
ELN032036-321,96,86.66291666666666,7.973620179813547,-1.6930718392954067,3.8169446160880733,5.3034652263178384e-08,False
ELN032036-322,96,4.207083333333334,10.473825714022517,3.053541703688409,8.810382298325026,4.646094045802413e-17,False
ELN032036-323,96,1.9398958333333332,5.253372349421529,4.730146707250916,27.34062383308492,9.676286718266344e-18,False
ELN032036-324,48,15.3975,20.160600664388355,1.8346888780097619,2.692754944111737,6.12057972642868e-08,False
ELN032036-325,96,5.207291666666666,7.526853606873076,1.3319919765650912,0.39735235165249394,3.4883878116103044e-12,False
ELN032036-326,24,6.910416666666666,6.95477032357095,2.6724440456658067,7.980111856245026,9.541861606697473e-06,False
ELN032036-331,192,4.33328125,8.748320536747496,2.6455486347178105,6.898007257932777,1.2122959710501389e-21,False
ELN032036-332,24,48.18833333333333,18.16337228472794,-1.1458161838644043,0.2561311730225504,0.001984379046544768,False
ELN032036-333,96,2.5745833333333334,8.130131469988555,3.922012568131121,15.579739489578134,1.806842403028849e-18,False
ELN032036-334,2232,15.04986559139785,20.335343774729527,1.4764998227767316,1.31393761946061,6.7436803337907455e-49,False
ELN032036-335,96,3.214375,6.793255914585629,4.78157521971472,30.214014211782434,1.3903547522631338e-16,False
ELN032036-336,24,27.78125,34.06993182985995,0.4847471905084871,-1.6374077125476625,1.4788332104620701e-05,False
ELN032036-337,216,4.010925925925926,8.801857577414678,3.2722096977094193,12.292062732497351,7.768183734368256e-24,False
ELN032036-338,192,11.812708333333333,14.54611651663537,1.2069599845870336,0.6014226772917746,1.0680190976835996e-14,False
ELN032036-339,24,8.917083333333332,9.602179770269858,1.2209203076019526,0.2786356425748133,0.0004951423400957334,False
ELN032036-340,720,15.483097222222222,19.41666281072565,1.694065192364603,3.0028675144606387,1.3700204580782667e-29,False
ELN032036-341,96,0.7447916666666666,3.257859477815607,8.417199980215857,74.28713889507077,2.2201794886009748e-20,False
ELN032036-343,96,43.634687500000005,46.3798061082424,0.14134681275962674,-1.9573861108898092,3.2544634648539445e-13,False
ELN032036-344,96,1.2927083333333333,2.476218032729354,5.148870631936553,34.92944204178312,1.8976499811769696e-16,False
ELN032036-346,24,4.960833333333333,6.143487125238484,0.7417797126996937,-0.9086441430924626,0.00010284908212154763,False
ELN032036-347,24,29.844583333333333,18.425178184299558,0.7077011969070514,0.29606740372825513,0.3567666370111663,True
ELN032036-348,120,1.472,3.5651126067993517,2.6392435248748587,5.953800701247777,8.594737256474825e-19,False
ELN032036-352,24,41.66625,32.329636398727295,-0.035709196564481745,-1.7121786784792576,0.0011414409221790144,False
ELN032036-354,96,16.029583333333335,22.586369290333014,1.4485280300625025,0.8289036408888699,5.117510672353433e-12,False
ELN032036-355,24,18.879166666666666,15.102022587451128,0.9272866163539308,0.18034512793375246,0.027440883412387564,False
ELN032036-356,120,26.57541666666667,24.965051804265016,0.3204633090319628,-1.439236877882063,3.207556627722333e-09,False
ELN032036-357,54,55.21648148148148,32.45727939152711,-0.5705395224202173,-1.2571037360122692,9.229328773505544e-06,False
ELN032036-360,96,9.013333333333334,11.52595804139204,1.4029478323954905,1.1572696113923264,1.3305694448073695e-10,False
ELN032036-361,96,7.529375000000001,9.289161178208548,1.3973240306670833,1.4494730488331573,5.843953562209449e-10,False
ELN032036-365,120,12.072083333333333,24.888853328206935,2.2552112788272187,3.994893797394811,1.8189293075837616e-17,False
ELN032036-366,192,5.513281250000001,11.688351124271291,2.697805786631384,7.052002306927873,1.8227830277537825e-22,False
ELN032036-369,288,28.350347222222226,20.16130500218703,0.4098793315277111,-0.9491495885486483,4.960743665660578e-09,False
ELN032036-371,96,14.980520833333332,23.04323489579359,1.6239291319836227,1.7226379250049906,1.441442664105821e-12,False
ELN032036-372,24,79.6225,28.472116527669968,-1.4580453483403664,0.40141488071390397,2.9236936232232503e-06,False
ELN032036-374,24,1.3558333333333332,6.642199685847051,4.587317109255643,19.043478260869556,2.1855562899695928e-10,False
ELN032036-375,192,7.3308333333333335,12.479484204224566,1.9364418305603084,3.069816711041012,1.7157687024563262e-19,False
ELN032036-376,192,22.072447916666665,24.860233047380067,0.884662937210207,-0.5880142038408653,6.265987133119156e-14,False
ELN032036-377,96,39.42229166666667,38.73235314251047,0.41487486170136,-1.557008819247713,9.242875419688491e-10,False
ELN032036-378,96,52.444375,35.83648308086695,-0.12953203708634553,-1.5272904518441481,4.730721711839078e-07,False
ELN032036-379,96,19.618541666666665,28.364319431254575,1.2697127246703883,0.10601032959972967,2.2738103164630584e-12,False
ELN032036-380,192,8.538854166666665,11.193358340172125,2.1690065458095473,5.396024850916371,2.612880395062145e-17,False
ELN032036-382,96,19.819479166666667,16.459854662643618,0.7518162933061683,-0.3697722799452441,1.6299442517427437e-05,False
ELN032036-383,24,15.106666666666664,26.04731575366288,1.687326952417793,1.633300256703544,2.722116419186425e-06,False
ELN032036-384,216,34.820601851851855,30.705493457576917,0.6147815116218986,-0.8412786672555179,4.532027022574977e-11,False
ELN032036-387,96,5.406770833333334,10.662901204376709,2.8955036897262674,8.652906397698706,8.487253637197727e-16,False
ELN032036-388,192,28.8396875,27.179445246010637,0.8680047069669109,-0.30062607369464445,3.472343419087444e-11,False
ELN032036-390,96,6.598958333333333,11.425982254600966,3.9712444230596122,23.04629970915583,6.487692274662888e-15,False
ELN032036-392,192,21.545208333333335,32.480255959297814,1.2422814977887067,-0.0007233863300926124,1.2840721892933843e-18,False
ELN032036-393,120,43.10991666666667,26.365039255631316,0.47968419972531096,-1.0166333069912958,5.890542602723655e-06,False
ELN032036-394,192,1.8878125,4.469504746244439,3.3216560149197543,11.540141988471715,2.3939285429437514e-23,False
ELN032036-395,24,2.1508333333333334,4.507552036562511,3.172127856633563,10.628130308839829,9.948633062844323e-08,False
ELN032036-396,120,42.10375,20.022049109050005,-0.3886344147395032,0.162665326818769,0.0002153791948302445,False
ELN032036-398,96,2.7445833333333334,4.766567542828999,3.049295549452972,10.627964878794124,1.3729512585797069e-14,False
ELN032036-399,96,19.832083333333333,15.851358959950185,1.21660171204857,1.7643329215864254,1.087641613248076e-06,False
ELN032036-400,120,5.343999999999999,10.96096491796106,2.7262660510228116,6.681709139228406,1.0449046062054163e-17,False
ELN032036-402,96,43.160937499999996,43.831326026223586,0.22977784037489504,-1.7538684942309828,3.6002061273575576e-11,False
ELN032036-403,24,68.66958333333334,26.958671990122482,-0.9133009027336702,0.01940953055800554,0.015593175600147254,False
ELN032036-405,96,14.053645833333334,11.413992347326353,1.0491392167773443,1.3457024914138591,2.3275072423121475e-05,False
ELN032036-406,96,8.316458333333333,16.460522916753966,2.491429743983641,5.65934118105713,2.573584235265515e-15,False
ELN032036-407,120,3.4116666666666666,7.071167558773989,2.6284465608507928,6.9743006700195025,2.2304819347658098e-17,False
ELN032036-409,96,4.0203125,8.031360041228515,2.7164221137347635,8.155405395177263,3.58693978783805e-15,False
ELN032036-410,96,11.958125,1.9145192126979227,1.0166304732883944,0.5717308507595731,3.9722532498834395e-06,False
ELN032036-414,24,9.66375,11.657751969323282,0.8003323747968635,-1.0278972284523238,0.00011292281596458479,False
ELN032036-415,30,6.136,14.523816730246674,2.156324295585052,3.4590819710375715,3.2961700769381725e-09,False
ELN032036-417,96,1.1812500000000001,6.178448664085254,5.451848502607864,29.21735927258988,1.4352994164937373e-20,False
ELN032036-418,504,41.44244047619048,26.95344782580216,0.3413081732533409,-0.9135978554413424,5.5281775580863105e-11,False
ELN032036-419,96,28.3478125,28.269836527113785,0.8675962566925116,-0.24890151005028516,1.7167869408816145e-07,False
ELN032036-420,96,40.824062500000004,20.06198009737901,-0.2916780291893666,-0.3297784127628587,0.0061715493069838,False
ELN032036-421,24,3.9766666666666666,7.659100109853222,2.4206732782453604,4.66850314757127,2.7856525314873345e-07,False
ELN032036-424,1128,33.01212765957446,37.735245807145056,0.668977835354908,-1.21713605488055,4.581151206096283e-36,False
ELN032036-425,960,36.954406250000005,38.7435049346471,0.4630717075179954,-1.4910036438263814,1.0744723912568626e-32,False
ELN032036-426,24,38.6975,21.577501819779986,0.8023233513256375,-0.8282017175965688,0.0012750504138747468,False
ELN032036-427,48,11.001458333333334,9.420627884748862,0.35084742059048496,-0.9444770285055286,0.0006236590478252136,False
ELN032036-428,312,58.18224358974358,32.13062178115088,-0.6655530571507191,-1.0248552661880304,7.882713458962106e-16,False
ELN032036-430,120,1.1704999999999999,4.3975604103895165,5.313824395838479,30.662394584762062,1.706039137877155e-21,False
ELN032036-431,240,16.189875,25.900531463849013,1.5658851401887646,1.274450430089372,4.4171423907482304e-21,False
ELN032036-432,192,23.825104166666666,20.58698503590736,0.7866148974968997,0.16383642788371722,5.2759691139977005e-09,False
ELN032036-433,96,0.5185416666666667,1.9263218177693038,5.607584500930942,36.78758203304837,2.6260447239404977e-19,False
ELN032036-434,192,5.14,9.322898454992108,2.942335480695891,8.600776509567106,6.072032129845096e-22,False
ELN032036-435,96,15.092708333333334,24.201777989455184,1.5401548642063145,1.1264962005461454,3.915975870678383e-13,False
ELN032036-436,96,12.956666666666665,16.039541446829503,1.8006670410767334,3.035047907403838,5.93942862114029e-11,False
ELN032036-439,96,1.3487500000000001,3.0775124096547444,3.3494355585257938,12.639912134775463,2.096618442431913e-16,False
ELN032036-441,192,11.811458333333333,3.0921813169159598,1.5475336315897188,5.881030294638968,1.1343100473982935e-13,False
ELN032036-442,120,7.308416666666667,15.121790109886161,2.767909003188448,8.514524672113538,2.4810454377894726e-17,False
ELN032036-444,96,1.641041666666667,5.2226328264919095,5.8063748357453,38.61828477965019,6.910043259767854e-19,False
ELN032036-445,96,6.0640624999999995,8.56113526388755,2.0257230262022117,3.7865285325947493,3.1678431437866972e-12,False
ELN032036-446,96,13.788645833333334,13.07197062579574,1.1576327782121962,0.08288874222780329,2.2018111980244737e-09,False
ELN032036-448,192,53.427708333333335,34.92126641638171,-0.316335544982855,-1.409158243631684,6.47979583236161e-11,False
ELN032036-449,24,15.248750000000001,18.385358378813056,0.8509546491063482,-0.08229890202968582,0.00015766114104759268,False
ELN032036-450,24,11.544166666666667,4.435403924223192,2.052894235358204,4.20846895969024,0.00010651609041915927,False
ELN032036-451,96,5.432083333333332,16.107406267511436,2.6959569588022663,5.439188115628502,1.7676607446911022e-18,False
ELN032036-452,24,3.24625,15.903312155019782,4.587317109255645,19.043478260869566,2.1855562899695928e-10,False
ELN032036-453,24,2.2795833333333335,5.043087804257356,2.5867558219253626,5.5611951273962195,8.701769562608224e-08,False
ELN032036-454,24,28.964166666666667,31.022661691186286,0.8930404614700438,-0.6536413068557954,0.0008872474290321849,False
ELN032036-455,96,23.216979166666672,25.713745254027756,1.5564331746939826,1.1492816818941867,5.070459009985545e-12,False
ELN032036-456,192,74.23463541666668,32.85211877063313,-1.2135360455516668,-0.03727452300126721,4.2551128672199563e-17,False
ELN032036-458,288,47.1878125,32.43596141259183,0.02921025298390701,-1.4254247990947866,1.0828907942190956e-11,False
ELN032036-459,96,30.9240625,32.33943613667619,0.3946542976614457,-1.5554872195678493,5.805767475940473e-10,False
ELN032036-460,120,2.79275,4.2484978981701635,1.875308451116242,2.949521454897557,3.31513155158958e-14,False
ELN032036-462,96,6.283749999999999,9.325546943181063,1.8010609738270182,2.0142968149046396,4.70080185944946e-13,False
ELN032036-463,288,3.492048611111111,7.681230957925143,2.821503385180421,7.412941276106272,2.0056010946216997e-27,False
ELN032036-464,96,22.271666666666665,30.331722274548657,1.1316154103591138,-0.3482280207782398,4.617806182691184e-12,False
ELN032036-466,96,59.09281250000001,27.097415246831392,-0.27149678426965956,-1.0193870127277567,9.12807659904994e-05,False
ELN032036-467,192,8.22546875,8.723646674266883,1.2654967814194498,1.185709884025619,1.541256268520475e-12,False
ELN032036-468,312,41.63070512820513,36.66467380145954,0.33935979350284695,-1.4792737035908796,3.386783810134838e-16,False
ELN032036-469,51,8.974901960784313,18.916498764047113,2.88427573050598,7.294744951562473,8.821355088490354e-12,False
ELN032036-470,288,23.162256944444444,21.836440297209847,0.5036509111201102,-1.0897093386125527,4.360277008587923e-14,False
ELN032036-472,24,2.45125,12.008623463994532,4.587317109255644,19.043478260869556,2.1855562899695928e-10,False
ELN032036-473,96,9.136979166666666,16.898908100496765,2.273930765999153,5.414634226992691,2.1112998180151793e-14,False
ELN032036-474,96,32.0175,36.10262224037997,0.7014690246585393,-1.133958059352149,4.251282955039011e-10,False
ELN032036-476,96,29.665937500000002,29.07851116792985,0.24542908102792632,-1.4119552596381402,3.8724962699755524e-09,False
ELN032036-477,96,0.25125,2.1470960805113886,9.31836157089343,86.45787684403285,1.4041327409249799e-21,False
ELN032036-478,96,8.347708333333333,18.812111690927466,2.147921353434556,2.9165571526867318,1.221144068478469e-16,False
ELN032036-479,144,22.976458333333333,20.10193757730553,0.9795362423032937,0.6690927566964149,7.877464000123943e-08,False
ELN032036-482,96,7.824583333333333,12.390159585792409,1.757100092843616,2.294343965854554,6.846258435222356e-13,False
ELN032036-483,24,15.236666666666666,21.094030613807117,1.4453957540429039,1.2003751027446663,7.140619737321773e-05,False
ELN032036-484,24,14.513750000000002,22.882423255016917,2.383094669988512,6.1496362464506,4.369538565345191e-06,False
ELN032036-485,24,32.90416666666666,16.664961920061547,-0.24565699792286003,-1.067534291994981,0.2673554304484036,True
ELN032036-486,192,45.413281250000004,34.17267971516499,0.04725440031043311,-1.5428081403992904,1.879694032707227e-10,False
ELN032036-487,96,1.8010416666666667,1.7283356637721352,1.4779702896599793,4.380248686465173,8.105210302763802e-08,False
ELN032036-490,288,34.56829861111112,36.76733786028196,0.6677941828697266,-1.1876679447083838,4.891648785973526e-18,False
ELN032036-491,288,25.2134375,24.878910264464956,1.0513132123328417,0.42375668958210966,1.2516413474552455e-14,False
ELN032036-492,192,15.69828125,20.728077618111957,1.4106754344706114,1.032251028657746,4.089542001622931e-16,False
ELN032036-493,96,38.143750000000004,23.165572016294036,0.20636335178356663,-1.0790426309779226,0.003863761133355044,False
ELN032036-494,120,4.9665,14.734698409770413,3.8224743793904596,14.695580648841435,3.1078090418755426e-20,False
ELN032036-495,192,22.207552083333336,23.965801195883767,1.1268351893281208,0.29862261162743353,2.5633197434627257e-13,False
ELN032036-496,24,60.786249999999995,10.215342601035058,-1.3286672908797503,1.77532055952637,0.015162670442045091,False
ELN032036-499,24,7.003333333333333,13.008563957327652,1.6540232386749325,1.167277605290023,7.107627295152733e-07,False
ELN032036-500,96,5.912291666666667,10.019334622215679,2.563881850968783,7.774909966769702,8.844604013993367e-14,False
ELN032036-501,96,2.8649999999999998,8.534935266304016,3.7844246552741283,16.60277994987304,3.8306793721559945e-18,False
ELN032036-503,96,4.9228125,6.1903044229411055,1.8660297868373543,3.836703763726651,1.0417628516885591e-10,False
ELN032036-504,120,6.270833333333333,16.71568063620661,2.733257061836415,6.268760685490227,1.4725293217072125e-19,False
ELN032036-506,48,3.0629166666666667,5.183999506802139,2.5720077269844706,7.71746379232887,1.6993566889110977e-09,False
ELN032036-507,96,26.003854166666667,34.029703104935955,0.7258048085732893,-1.1903427146420942,3.729171053898165e-12,False
ELN032036-508,312,14.382692307692306,20.206196586926563,1.8730340162768286,3.2404289195673046,5.758902812081285e-22,False
ELN032036-509,120,5.99675,14.585568046226117,3.3238351475978343,11.893962336482499,8.754006816756985e-19,False
ELN032036-510,192,26.86984375,24.713952891326898,0.9590679392262271,0.402836128116423,4.1865554213858357e-10,False
ELN032036-514,26,26.07384615384615,18.442054782897284,-0.223030182420027,-1.3643476862931874,0.016290604710596318,False
ELN032036-515,96,6.0309375,12.855841439277404,2.599627234424323,6.261827824386183,8.106456492324692e-16,False
ELN032036-518,96,2.6828125000000003,2.9370707581122204,2.3853056711030884,6.573398140288663,1.1928251026230824e-11,False
ELN032036-519,240,11.926708333333332,18.94080358865565,2.171519158067484,4.606105808857599,4.773478775099325e-21,False
ELN032036-522,96,2.0908333333333338,5.312833254769291,3.7521723860519303,15.520255230279783,3.308232304361188e-17,False
ELN032036-524,288,26.891701388888887,24.886287120465116,0.8578481608622313,-0.37560580214139216,7.937272736976092e-14,False
ELN032036-525,288,50.28465277777778,34.8932269400548,-0.04717417839523022,-1.5721936093628528,5.071301899990001e-14,False
ELN032036-530,96,12.824583333333335,14.653110818753357,1.491545536646379,1.9725862295420722,2.470457475219538e-09,False
ELN032036-531,24,4.837916666666667,12.576555821868709,2.7334263596819426,6.498962974313747,2.0903779417422828e-08,False
ELN032036-532,120,38.32133333333333,28.93761533714484,0.14201101748226505,-1.300515630028736,5.185279977539798e-06,False
ELN032036-533,192,20.59963541666667,29.135258184884698,1.4041441290945365,0.8490947654133838,3.81989830499922e-17,False
ELN032036-536,96,14.838958333333332,18.3788206757078,0.5907354927056113,-1.3780362711568195,8.93094279396472e-12,False
ELN032036-537,24,27.825,23.924432118107067,0.6247624469984198,-0.25509025159994314,0.04074626379167814,False
ELN032036-538,144,48.205347222222215,39.68003524546558,-0.14839122680895458,-1.7390319443620745,2.4467381153699943e-12,False
ELN032036-540,120,2.3007500000000003,5.639302084850721,2.940238921602933,8.110065347665898,7.336086448563745e-19,False
ELN032036-541,288,32.40895833333334,28.146426468611637,0.6573485573598637,-0.7757311589927229,1.3495830053943484e-12,False
ELN032036-542,120,23.75241666666667,26.976926586626288,0.7101109705349068,-0.9485729651400834,3.916477048070447e-11,False
ELN032036-543,288,29.98642361111111,34.42956472112493,0.6031508461881693,-1.2891793290830547,4.692120845465055e-19,False
ELN032036-544,120,68.98341666666666,25.631501019854696,-0.6019322219745287,-0.6278203262978987,3.938065555446913e-06,False
ELN032036-545,48,2.7912500000000002,6.076582404888809,2.2461763551454412,3.6427914003830786,2.96966305884232e-11,False
ELN032036-546,192,13.781145833333333,17.216756197616032,1.037236584267679,-0.30748002398957697,1.5067165692774292e-15,False
ELN032036-547,24,5.5575,2.5837624234572276,0.7452603133975955,-0.3192296878770655,0.07072826600463336,True
ELN032036-548,96,19.646874999999998,23.818494773798655,1.0709668219766846,-0.2125868773485302,2.285511249297775e-10,False
ELN032036-549,96,21.28333333333333,26.906228027478445,1.2748965747607248,0.4324404558731971,1.199292668477027e-10,False
ELN032036-550,120,45.42549999999999,23.72150029442673,0.07478853497457584,-0.796258940129023,0.039147069878380285,False
ELN032036-551,101,44.32287128712872,25.09346047625292,0.06456470408627847,-1.0672070523737855,0.005728924411443394,False
ELN032036-552,96,3.3204166666666666,8.523293151144742,2.8380674862699182,7.434673773674605,3.040949052539373e-17,False
ELN032036-553,180,54.347722222222224,44.785767040652715,-0.34333919288159964,-1.8027103214177849,2.4633970566327006e-17,False
ELN032036-554,24,3.390416666666667,4.014909689998092,0.7713218343617306,-0.6551533514947332,0.0004415608752780193,False
ELN032036-555,304,18.79457236842105,24.95793030211124,1.1827129689269669,0.039868485868429726,1.0607247042792169e-20,False
ELN032036-556,24,51.68125,25.108823724028728,0.045181031632964296,-1.2763777110297783,0.1663908570161923,True
ELN032036-557,192,58.826458333333335,21.18128443762498,-0.23378882652920385,-0.39654340323869075,0.012627644682993761,False
ELN032036-559,192,10.834270833333335,13.785425549496667,1.7868627385208355,3.5016614507058508,9.852745885320814e-16,False
ELN032036-560,464,17.72790948275862,24.827490462415557,1.5959125007697808,2.107709580452883,3.851682893486229e-26,False
ELN032036-561,125,26.542960000000004,24.809925108909088,0.6450477675610101,-1.1137470413382273,2.2169331297279424e-10,False
ELN032036-562,24,56.26083333333332,5.330853522219712,-0.46031579290652697,-0.0842453631757718,0.808858249565709,True
ELN032036-563,24,60.19625,33.60202825302948,-0.7003118897737085,-1.0650298202795068,0.0013863820951474687,False
ELN032036-564,192,23.418958333333336,24.846188030404864,0.5458241522228577,-1.2416867212664169,1.0809089252383633e-13,False
ELN032036-565,192,29.70567708333333,29.022657470665518,0.3064444473861152,-1.5676415421253516,9.600867245401415e-14,False
ELN032036-566,96,5.3859375,9.344665979570207,1.7897081945891,1.9069871167501686,4.0485134874581944e-14,False
ELN032036-567,33,59.03424242424242,20.997355195104785,-0.8822176139652211,0.24754553083837472,0.004038662089171553,False
ELN032036-569,96,66.52770833333334,16.48499371704088,-0.3706911730339676,0.25881964372904953,0.01143178939714444,False
ELN032036-572,96,35.650625,24.986051342909832,0.2733298439257455,-1.1726183851081298,0.00020417693391954544,False
ELN032036-573,192,37.047031249999996,32.95298098900683,0.44526158901737223,-1.2269163239707261,4.173215299477085e-11,False
ELN032036-574,120,4.636083333333334,7.38834948146229,2.027338253305684,3.447442536379193,6.630843934007833e-15,False
ELN032036-575,216,7.251666666666666,18.43507917493295,2.2828440257385063,3.7550348602861465,1.0744612698421696e-25,False
ELN032036-576,96,43.99270833333333,38.7194789949497,0.0587884814948987,-1.781533175575107,9.939816883235218e-10,False
ELN032036-577,96,6.979583333333333,15.282154223776773,2.237839067035981,3.9958917300139465,4.425648608995969e-16,False
ELN032036-578,24,16.82916666666667,17.183406028887962,0.9624507092182978,-0.05425244251512007,0.002529056530922576,False
ELN032036-579,96,48.767500000000005,31.436420547544934,-0.30099162416786,-1.3636427326156075,2.517569206899416e-06,False
ELN032036-580,120,66.46991666666666,23.46529232058438,-0.8431100374102259,-0.023075710688865936,3.83726545624077e-06,False
ELN032036-581,96,18.14135416666667,23.049849165840158,1.3678504642732658,1.0744475748263556,1.6953869512432803e-10,False
ELN032036-584,144,12.892013888888888,20.711723803413772,1.7796525554333218,2.257960050999303,2.810287297199817e-16,False
ELN032036-585,120,17.10408333333333,12.939300988733155,0.2480491459302356,-1.0688148882408905,3.271824506021996e-05,False
ELN032036-587,24,39.03125,22.02000598517077,0.5055613798794818,-0.8837363290618594,0.10399570697321925,True
ELN032036-588,192,22.445520833333333,17.003004284570842,0.6079709281988689,-0.7701080105819087,1.1776506941692002e-08,False
ELN032036-591,120,15.519083333333333,25.916703643096465,1.6701349806158696,1.349081525880778,2.2783641432061507e-16,False
ELN032036-592,192,60.099999999999994,31.43963493786431,-0.31065461559548035,-1.1614465618802605,2.1998784716033473e-08,False
ELN032036-593,102,14.043921568627452,28.75257864137478,1.8874088087218999,2.0091300360536826,3.206836329938952e-16,False
ELN032036-594,192,62.570989583333336,29.783846733434697,-0.6758640239188691,-0.9891355899490613,5.5048884114462465e-12,False
ELN032036-597,96,3.275208333333333,9.34018741828942,3.4328298518712335,13.295680997567818,6.7611407231346616e-18,False
ELN032036-598,36,11.719166666666666,14.594185412593017,1.9618824180304963,4.784672172816305,6.663905183426429e-06,False
ELN032036-599,96,0.18875,1.3649131454919912,8.67344115911092,77.26344708177638,2.6673666457582866e-21,False
ELN032036-602,96,10.857916666666668,16.703098415164376,2.5728748981007916,8.253905925620439,3.0046897242558e-13,False
ELN032036-604,120,2.0529166666666665,7.365226427553444,5.733775365999998,39.906170523170765,2.747010836606749e-21,False
ELN032036-606,216,10.668564814814815,13.592596249958437,1.4087491552839873,0.8107386111811978,3.9852241031863264e-17,False
ELN032036-607,96,18.981354166666666,18.980823376283407,1.0713780606651666,0.10932550551706699,1.9305865480570708e-08,False
ELN032036-609,24,6.683333333333334,18.61903085944399,2.768580538111315,6.162224957770066,9.425965074359615e-09,False
ELN032036-611,96,54.883125,38.29754949732424,-0.15550036888523153,-1.5024808910994178,6.573337386380944e-08,False
ELN032036-613,192,3.186302083333333,6.665504177455858,2.548747689949887,6.454047420501421,6.974860407398168e-22,False
ELN032036-617,24,9.600833333333332,22.64657991582963,2.488319475582092,4.894333502908277,4.8719726297777444e-08,False
ELN032036-618,102,4.074509803921569,6.038253079523761,1.898199705191929,2.908569125879704,5.686284257586082e-13,False
ELN032036-619,96,8.381979166666667,9.582403458510116,1.4671075010005858,1.9103757119430647,2.6681260120055744e-09,False
ELN032036-620,96,49.523020833333334,24.12221920138281,-1.5365230655140107,0.4668702359303376,6.561734661347975e-15,False
ELN032036-622,240,10.681083333333333,13.909778583574669,1.496445582870789,1.618834069367412,7.688128679459447e-18,False
ELN032036-623,312,14.177916666666667,19.565710831459718,1.623113777914936,2.78677758752952,3.894355102915581e-21,False
ELN032036-624,408,23.925392156862745,20.311037856640763,0.3961004123617011,-0.9021066667907678,4.7381713728263965e-14,False
ELN032036-627,48,4.536041666666667,9.267058276746182,2.5691462690052096,6.205202984112736,9.648635246941772e-11,False
ELN032036-628,24,32.9175,36.91345133051683,0.5644333564918008,-1.326609858443982,0.00031810316184882685,False
ELN032036-631,288,5.611736111111111,9.830191233805484,2.656471886524884,7.605142962502763,1.1647403633423076e-24,False
ELN032036-632,192,7.721093749999999,8.307681826567448,1.433662767144336,2.009692415597759,5.059179222951474e-13,False
ELN032036-633,24,7.754166666666666,17.33187210256613,3.0232219006811896,8.99278835171156,8.847636447594776e-08,False
ELN032036-635,96,12.558229166666665,25.308648157655174,2.1059418896728466,3.205026539079972,1.9243000132487833e-15,False
ELN032036-636,24,3.134583333333333,7.348354432273856,2.500117236357676,5.404094427440903,6.688938654180846e-08,False
ELN032036-637,120,12.656250000000002,18.470389979299167,2.656257658893146,7.841321966443932,6.0949050844684225e-15,False
ELN032036-638,312,11.523365384615385,12.483397098034747,1.7866646343069652,4.407177376316226,5.058713247030773e-18,False
ELN032036-639,120,8.623833333333334,18.16961084589641,2.98443855858838,9.023879608132766,7.893858765403508e-18,False
ELN032036-642,120,62.721583333333335,25.912181295460165,-0.5915655437222217,-0.4851826083965114,7.142340512889762e-05,False
ELN032036-643,96,7.7089583333333325,15.529602054017362,2.9923416861354273,8.994760804428001,1.1445675047388084e-15,False
ELN032036-646,102,3.29578431372549,13.438184138607342,5.2022876112287335,29.636858812891433,3.055916686847358e-20,False
ELN032036-647,120,20.199333333333335,25.451979689997714,1.0502451366542231,0.06773593706081549,1.0515277124507475e-11,False
ELN032036-649,96,12.453854166666668,20.528491541977335,2.4108935397541362,5.544003615429519,6.574293248863927e-14,False
ELN032036-650,96,2.7091666666666665,5.893570924797125,3.0897968450841957,11.300684453842026,6.303203240405756e-16,False
ELN032036-651,96,3.561666666666667,8.42853482511911,2.7989334431803603,8.30627195893214,1.4281540466121265e-16,False
ELN032036-652,24,20.201249999999998,25.446266372153868,1.050737763284763,-0.16046388890672647,0.00026897608938592296,False
ELN032036-655,24,0.9258333333333333,3.1462191480467836,3.047816459830865,7.366580797968748,1.5520231450257911e-09,False
ELN032036-656,192,27.636666666666667,22.635813798439553,0.6503959582523802,-0.1797941246241339,9.065347624856667e-08,False
ELN032036-657,24,40.510416666666664,30.833312374650145,-0.13010529964059017,-1.4557750106205438,0.008873802199459262,False
ELN032036-658,24,1.7137499999999999,6.304729634240437,4.187809384336318,16.466394794163595,1.159896862774144e-09,False
ELN032036-659,24,31.043750000000003,36.488510617250704,0.9103631289551611,-0.7470356287396469,0.00015386687581184558,False
ELN032036-661,216,5.313518518518517,9.045774325277055,2.6068339999104473,7.988207821432562,5.1477622044977865e-21,False
ELN032036-662,96,9.571875,7.015534689079957,1.940215895394765,7.737197677326343,5.5204024148652314e-08,False
ELN032036-664,96,16.738541666666666,14.204321579543592,1.5368598693842492,1.7313334649041696,1.3337242124004229e-09,False
ELN032036-665,96,18.475624999999997,23.41947645657349,1.8833859756757192,3.039023645449456,1.3764237079094548e-11,False
ELN032036-667,192,26.27286458333333,24.737729109387136,0.5575255164210018,-1.0977322907027922,1.263900131492719e-11,False
ELN032036-669,216,2.401712962962963,7.365226299813135,4.134539785017462,19.404097584781315,1.2171081152918195e-26,False
ELN032036-676,24,58.032916666666665,17.797247339471316,-1.0582721139169025,0.5319194030248147,0.018774951210931198,False
ELN032036-677,288,25.75559027777778,28.43799699031368,1.1134978774997952,0.15682313763977174,6.0794938505820506e-18,False
ELN032036-678,24,3.9320833333333334,13.97063659162897,3.845769480951416,13.870898644524289,1.5527630434168484e-09,False
ELN032036-679,288,5.619722222222222,12.962186143123459,3.348160290125022,15.06917227344453,1.1357406907984883e-27,False
ELN032036-680,216,32.73407407407407,36.17544401712781,0.7426616332873525,-1.0578701097701972,8.204741599044902e-16,False
ELN032036-681,96,3.031458333333333,7.364226758160969,4.056607931032717,21.258067076924732,5.996832959398542e-17,False
ELN032036-682,24,4.429583333333333,6.934116337649518,2.778006576231084,7.059727086854323,3.2470820996305747e-07,False
ELN032036-683,192,1.2704166666666667,6.3257101774870845,6.0625669128068695,42.01903594814379,7.153523474447543e-28,False
ELN032036-685,96,16.567395833333336,19.385497468321475,1.023405072833541,0.03225873215668518,1.9114262799136546e-09,False
ELN032036-686,96,2.2416666666666667,4.306552086901188,2.422861484236529,5.702214851716754,6.850374841377407e-15,False
ELN032036-687,96,1.3378125,2.9883166192867288,2.959480136059362,8.52166885949035,2.8399782173085877e-16,False
ELN032036-688,96,34.225520833333334,29.844031400804298,0.27698725811709923,-1.2662657267168702,1.3809610746262591e-06,False
ELN032036-689,24,14.99,13.42470046625606,1.1311747091434468,0.20270107002560955,0.002604179906747497,False
ELN032036-690,120,4.743666666666667,9.08433566694912,2.1304343134643133,3.5004279452442963,8.790315465485201e-17,False
ELN032036-694,24,9.119166666666667,16.385246257762994,3.1645750814311437,9.170045028895492,5.457312380571048e-08,False
ELN032036-695,96,22.283125000000002,15.314435110808295,0.3570770223447905,-0.5132018640799227,0.005942924790586507,False
ELN032036-696,216,8.958379629629631,16.63528305976387,2.491783924482666,6.031844211449981,2.893881958504481e-22,False
ELN032036-697,96,16.377604166666668,12.31504802604407,1.0778310373724111,1.0366104784343424,1.0929108433288029e-05,False
ELN032036-701,216,18.45837962962963,28.617422415973817,1.196323042814658,-0.19600452109922095,2.9195938254278905e-20,False
ELN032036-702,96,3.0804166666666664,8.431845139478092,6.383340110179234,49.02825622448644,2.1857238921308618e-18,False
ELN032036-703,96,24.970833333333335,37.11219687909869,1.147759883852986,-0.35251827383712,3.8561596768446306e-13,False
ELN032036-704,96,33.031979166666666,15.907563419216768,-0.8017224549071572,-0.10391667614652578,7.835380111103151e-08,False
ELN032036-705,96,20.544166666666666,20.462584117650678,1.0968575876445354,1.0662731599546351,1.3381714214878348e-07,False
ELN032036-706,192,18.9928125,22.84284214091161,1.0532452576204947,-0.15087789687383557,5.146061700575752e-15,False
ELN032036-707,24,70.135,33.47199595248957,-1.178733951256195,-0.008966948504693928,0.00020140397322923246,False
ELN032036-709,96,47.07364583333333,16.66242056843967,0.023707442503843938,-0.3196874514969954,0.7638452807482237,True
ELN032036-710,96,18.150208333333335,20.34997493748187,1.708590006674722,3.0088458680414085,5.436908962324597e-10,False
ELN032036-711,96,3.2905208333333333,14.12088049810162,5.151672086625392,27.11013249005953,6.667439620638013e-20,False
ELN032036-716,96,26.79114583333333,35.20267695771211,1.0830707888196338,-0.4077201407378186,9.85676048235529e-12,False
ELN032036-724,24,79.44458333333334,10.298736511431102,-1.254578947886936,1.6449619451978768,0.013065574313787657,False
ELN032036-725,176,25.33852272727273,21.676492522797805,0.9080652673316573,0.6924926782788456,2.470175131821754e-08,False
ELN032036-726,27,22.62740740740741,27.254549597987747,1.0760775889007947,0.12477191615841221,0.00024594636222510265,False
ELN032036-727,192,29.74026041666666,31.684733295636207,0.566715546010727,-1.3100793862490692,1.7809694730142407e-14,False
ELN032036-729,105,18.31114285714286,20.82113434037109,0.9507459357681411,-0.12563732589947207,1.9484802833889936e-09,False
ELN032036-730,120,7.110666666666666,21.728371521206675,3.013894881032225,7.407569826704675,1.3601568807355726e-20,False
ELN032036-731,120,29.999750000000002,19.401276162760464,0.027834640558003748,-0.5679895702506257,3.2034832373050374e-05,False
ELN032036-733,120,12.23925,23.666995924101325,2.0656995120716375,3.023895237042943,6.329875003451674e-17,False
ELN032036-734,96,9.49,6.327221057920252,1.3045011276446492,2.8512440863242166,6.21033705918444e-06,False
ELN032036-737,96,3.456875,7.416461251837023,3.8256805666854863,17.487696195707027,2.1348279179878818e-16,False
ELN032036-738,96,2.4127083333333332,13.332894460430657,5.5547099685655645,29.6332420643147,9.518123438217438e-21,False
ELN032036-744,24,9.1225,9.21019295931557,0.3700161537579379,-1.144291775185306,0.0009583620183970784,False
ELN032036-745,24,3.21875,7.402683010967684,2.563381863971532,5.250788776195725,5.086819621981784e-08,False
ELN032036-746,120,8.5905,20.83770366104543,2.372552263943525,3.9047356119636767,3.741947924150336e-19,False
ELN032036-748,96,7.681145833333332,18.223397387903717,2.3790303137193316,5.114048758535233,8.683815886118113e-17,False
ELN032036-752,24,5.135000000000001,13.904683602547616,2.5421119668732652,5.0667801238219035,1.153676385596957e-08,False
ELN032036-753,120,4.288333333333333,8.100753500935154,2.433378843058121,6.525986855116306,2.1170414401236462e-16,False
ELN032036-754,96,1.8411458333333333,6.760010101174586,4.469738173132025,20.514161153148578,3.147755509346757e-19,False
ELN032036-757,96,30.642291666666665,35.265955029839574,0.5476319714142199,-1.3673904532394485,1.3756053708331914e-10,False
ELN032036-758,72,14.939861111111112,20.99003388552885,0.9900612829366026,-0.42831493736940907,1.8636810953825872e-10,False
ELN032036-759,96,6.745833333333333,17.659514546982532,3.181868193498927,10.165831392525046,2.2969313518269903e-17,False
ELN032036-760,24,8.551666666666668,25.08309298358535,2.9389030791825506,7.210080946034012,6.339459170583008e-09,False
ELN032036-761,384,8.746223958333333,12.681186618742439,1.7942504344954424,3.9046324571212336,2.455664252377725e-24,False
ELN032036-763,24,21.8125,27.945360079984656,0.8682460509707173,-0.9558520128693422,3.852258604146469e-05,False
ELN032036-766,24,21.646666666666665,18.565419857701944,0.28186211438510006,-1.4324292573472064,0.005287187610329585,False
ELN032036-767,192,38.37229166666666,33.89420270370319,0.265784372251763,-1.4248970795868074,1.5736988784094198e-11,False
ELN032036-768,96,7.0146875,13.933035408366315,2.465445386388837,5.535102892052148,2.857931819397887e-15,False
ELN032036-772,96,35.0453125,29.73879868571925,0.12426524831010903,-1.5287805339325897,2.1548164101792729e-07,False
ELN032036-774,96,39.968333333333334,26.374646983585805,-0.3356283595679014,-1.3700960611657085,5.324177052382344e-07,False
ELN032036-775,96,2.6679166666666667,4.084756751545708,2.5643467769215365,6.837000056774977,1.4532874800779046e-13,False
ELN032036-776,120,58.55041666666666,24.245844706654697,-1.2202560313593525,0.8540619509375271,2.9097181364831628e-09,False
ELN032036-777,312,9.980737179487178,11.299897351844153,0.7587805353120363,-0.8684473424171215,2.4332041854767475e-18,False
ELN032036-778,96,2.5097916666666666,7.543768425754035,4.571432699743671,22.65481097571352,1.960332593944031e-18,False
ELN032036-780,24,15.133333333333333,18.112704085126612,0.5907135651014238,-1.3092934877972058,0.00012753924540570634,False
ELN032036-781,24,9.86125,17.475673355814664,1.3538520155524323,0.12116834655207276,7.69710057711758e-07,False
ELN032036-783,96,6.655833333333334,2.9347287749392,1.0540281436930627,0.5509137531486936,5.2642189587381205e-06,False
ELN032036-784,216,21.695185185185185,26.370532990406264,1.1439590912940967,0.2530522494896812,1.4481131938028314e-15,False
ELN032036-786,192,2.2931250000000003,7.352920324854944,4.17206709823046,19.50782649121397,1.385314778261133e-25,False
ELN032036-787,24,26.31,32.76430441010858,0.9393269444659322,-0.6963935960934937,0.00013562372779865603,False
ELN032036-788,96,1.6098958333333335,4.071447303715207,4.149647816251837,17.611591126232042,9.589853861712761e-18,False
ELN032036-789,192,23.271093750000002,31.70820830110963,1.0940386085277725,-0.41732085543125885,1.9353871297694332e-17,False
ELN032036-791,312,22.65948717948718,23.6265479540477,0.7671480887909533,-0.6689523656461214,2.0110975948765422e-16,False
